"file_path","sim","target_band","method","n_null_draws","null_min","null_5pct","null_median","null_mean"
"data/simulated/sce/scdesign3/scdesign3_sce_run_03846.rds","scdesign3",0.25,"pca_raw",200,0.843223669694173,0.9112313406677,0.98654967757475,0.987080641678373
"data/simulated/sce/scdesign3/scdesign3_sce_run_03846.rds","scdesign3",0.25,"pca_libnorm",200,0.800855201576497,0.838092952010817,0.979692447789922,0.983863110072495
"data/simulated/sce/scdesign3/scdesign3_sce_run_03846.rds","scdesign3",0.25,"pca_log",200,0.666336096806437,0.770512686025663,0.972309641572893,0.993262219127672
"data/simulated/sce/scdesign3/scdesign3_sce_run_03846.rds","scdesign3",0.25,"pca_shiftedlog",200,0.654168184833237,0.771058697175504,0.96288023131881,0.973388701220398
"data/simulated/sce/scdesign3/scdesign3_sce_run_02226.rds","scdesign3",0.25,"pca_raw",200,0.994496251256372,0.994831139743162,0.995618975144886,0.997555668382763
"data/simulated/sce/scdesign3/scdesign3_sce_run_02226.rds","scdesign3",0.25,"pca_libnorm",200,0.787738251667641,0.856234668718388,0.999604863686444,0.994147296680707
"data/simulated/sce/scdesign3/scdesign3_sce_run_02226.rds","scdesign3",0.25,"pca_log",200,0.675568779411799,0.776896185222206,0.967175397552295,0.998543836309709
"data/simulated/sce/scdesign3/scdesign3_sce_run_02226.rds","scdesign3",0.25,"pca_shiftedlog",200,0.617682283846574,0.771856482964055,0.962839729890246,0.968263095785974
"data/simulated/sce/scdesign3/scdesign3_sce_run_07942.rds","scdesign3",0.25,"pca_raw",200,0.907226189903713,0.943040336956856,0.991837467851086,0.993409806681009
"data/simulated/sce/scdesign3/scdesign3_sce_run_07942.rds","scdesign3",0.25,"pca_libnorm",200,0.808823177878842,0.895440406088021,0.994662043254736,0.994333055908025
"data/simulated/sce/scdesign3/scdesign3_sce_run_07942.rds","scdesign3",0.25,"pca_log",200,0.713829202809075,0.784358132903302,0.988278975041952,0.998260336639706
"data/simulated/sce/scdesign3/scdesign3_sce_run_07942.rds","scdesign3",0.25,"pca_shiftedlog",200,0.630869185574175,0.80292807940218,0.982121118758138,0.989813957614772
"data/simulated/sce/scdesign3/scdesign3_sce_run_07478.rds","scdesign3",0.25,"pca_raw",200,0.902532471488402,0.926942985348912,0.994930043097919,0.990408854579058
"data/simulated/sce/scdesign3/scdesign3_sce_run_07478.rds","scdesign3",0.25,"pca_libnorm",200,0.821859501768838,0.866061684827664,0.974618362270327,0.978772387469316
"data/simulated/sce/scdesign3/scdesign3_sce_run_07478.rds","scdesign3",0.25,"pca_log",200,0.568434113117216,0.779801509607168,0.987552713450688,0.99210182349896
"data/simulated/sce/scdesign3/scdesign3_sce_run_07478.rds","scdesign3",0.25,"pca_shiftedlog",200,0.710112848322125,0.832947001280102,0.994267178045477,0.993309069590968
"data/simulated/sce/scdesign3/scdesign3_sce_run_08482.rds","scdesign3",0.25,"pca_raw",200,0.880131174679843,0.939266809900136,0.995168205788915,0.994071695119736
"data/simulated/sce/scdesign3/scdesign3_sce_run_08482.rds","scdesign3",0.25,"pca_libnorm",200,0.736312268670915,0.871594127634839,0.991179022339831,0.991401985591817
"data/simulated/sce/scdesign3/scdesign3_sce_run_08482.rds","scdesign3",0.25,"pca_log",200,0.705123627235581,0.771287927175744,0.987687237468236,1.01151744846706
"data/simulated/sce/scdesign3/scdesign3_sce_run_08482.rds","scdesign3",0.25,"pca_shiftedlog",200,0.721667789706241,0.759340767684762,1.00399128417995,1.00189638333237
"data/simulated/sce/splatter/splatter_sce_run_06495.rds","splatter",0.25,"pca_raw",200,0.875346479047844,0.933344774154126,0.995810193701396,0.998362283996412
"data/simulated/sce/splatter/splatter_sce_run_06495.rds","splatter",0.25,"pca_libnorm",200,0.749671964316924,0.853473945239218,0.995602664377042,0.990976191193953
"data/simulated/sce/splatter/splatter_sce_run_06495.rds","splatter",0.25,"pca_log",200,0.748128388251798,0.82243689935394,0.987876768639332,0.994124366423235
"data/simulated/sce/splatter/splatter_sce_run_06495.rds","splatter",0.25,"pca_shiftedlog",200,0.782113230777879,0.835776211824821,1.0058188283421,1.00687232315883
"data/simulated/sce/splatter/splatter_sce_run_00480.rds","splatter",0.25,"pca_raw",200,0.870148908772687,0.941262074297839,1.0035805303081,1.00126003461114
"data/simulated/sce/splatter/splatter_sce_run_00480.rds","splatter",0.25,"pca_libnorm",200,0.810813116836612,0.87334886316568,0.990734384345825,0.990384277818622
"data/simulated/sce/splatter/splatter_sce_run_00480.rds","splatter",0.25,"pca_log",200,0.778617416677067,0.84994933080993,1.02397126302683,1.01724210278759
"data/simulated/sce/splatter/splatter_sce_run_00480.rds","splatter",0.25,"pca_shiftedlog",200,0.744203475451121,0.834585056409127,1.00057760543537,0.99390597627791
"data/simulated/sce/splatter/splatter_sce_run_00269.rds","splatter",0.25,"pca_raw",200,0.874262245149655,0.910575782932692,0.986079704278212,0.994992685738679
"data/simulated/sce/splatter/splatter_sce_run_00269.rds","splatter",0.25,"pca_libnorm",200,0.762095497175685,0.849846046143072,0.987264685969312,0.993243789955599
"data/simulated/sce/splatter/splatter_sce_run_00269.rds","splatter",0.25,"pca_log",200,0.724955003255706,0.810510029182921,1.00676539999554,1.02724069636305
"data/simulated/sce/splatter/splatter_sce_run_00269.rds","splatter",0.25,"pca_shiftedlog",200,0.677230797946153,0.778392313649274,0.987300602795258,1.0070320078643
"data/simulated/sce/splatter/splatter_sce_run_03643.rds","splatter",0.25,"pca_raw",200,0.788962936200788,0.878557999630569,0.99314073070843,0.996714922927198
"data/simulated/sce/splatter/splatter_sce_run_03643.rds","splatter",0.25,"pca_libnorm",200,0.691534096084147,0.827525198203354,0.976232587058028,0.993382489664839
"data/simulated/sce/splatter/splatter_sce_run_03643.rds","splatter",0.25,"pca_log",200,0.530259063742651,0.646380878743279,0.988641992399175,0.993586079702915
"data/simulated/sce/splatter/splatter_sce_run_03643.rds","splatter",0.25,"pca_shiftedlog",200,0.499473374453664,0.68376763184894,0.96605560178693,0.983966547375237
"data/simulated/sce/splatter/splatter_sce_run_01650.rds","splatter",0.25,"pca_raw",200,0.888670936183464,0.933422363499062,0.997921097755081,0.997579662741517
"data/simulated/sce/splatter/splatter_sce_run_01650.rds","splatter",0.25,"pca_libnorm",200,0.725743411232629,0.903198333273741,0.995085931317962,1.00589344114672
"data/simulated/sce/splatter/splatter_sce_run_01650.rds","splatter",0.25,"pca_log",200,0.761645192170819,0.837369786058039,0.996330112693857,1.00709164272058
"data/simulated/sce/splatter/splatter_sce_run_01650.rds","splatter",0.25,"pca_shiftedlog",200,0.719103962793323,0.853769836996123,1.00152923770822,1.00257361956325
"data/simulated/sce/symsim/symsim_sce_run_05012.rds","symsim",0.25,"pca_raw",200,0.932478605691227,0.950521120347765,0.997801772274327,0.994105634418459
"data/simulated/sce/symsim/symsim_sce_run_05012.rds","symsim",0.25,"pca_libnorm",200,0.870274172997465,0.93658531229583,0.995483118823324,0.990495243780293
"data/simulated/sce/symsim/symsim_sce_run_05012.rds","symsim",0.25,"pca_log",200,0.750634803667345,0.832705489699388,0.992533266314326,0.998145534018694
"data/simulated/sce/symsim/symsim_sce_run_05012.rds","symsim",0.25,"pca_shiftedlog",200,0.694063188751736,0.841292671571268,0.9911187890879,0.995535916407762
"data/simulated/sce/symsim/symsim_sce_run_03380.rds","symsim",0.25,"pca_raw",200,0.892605159403165,0.956170414989119,0.997649431260173,0.992744370415718
"data/simulated/sce/symsim/symsim_sce_run_03380.rds","symsim",0.25,"pca_libnorm",200,0.803259806346287,0.887539268172673,0.99392477651321,0.987014549358545
"data/simulated/sce/symsim/symsim_sce_run_03380.rds","symsim",0.25,"pca_log",200,0.645702566361451,0.781501992454819,0.993241898981897,1.00604860126966
"data/simulated/sce/symsim/symsim_sce_run_03380.rds","symsim",0.25,"pca_shiftedlog",200,0.748614995514259,0.813059439122081,0.983510160940965,0.99022117815621
"data/simulated/sce/symsim/symsim_sce_run_07199.rds","symsim",0.25,"pca_raw",200,0.949835222416259,0.971904665987083,0.99746011570164,0.996271077953879
"data/simulated/sce/symsim/symsim_sce_run_07199.rds","symsim",0.25,"pca_libnorm",200,0.87978774823986,0.936383567310945,0.999771878713108,0.994146455172472
"data/simulated/sce/symsim/symsim_sce_run_07199.rds","symsim",0.25,"pca_log",200,0.43592808933334,0.61799061122636,0.94241434670856,0.965594425895323
"data/simulated/sce/symsim/symsim_sce_run_07199.rds","symsim",0.25,"pca_shiftedlog",200,0.640915923377401,0.727534571495757,0.978324995945528,0.987282900417765
"data/simulated/sce/symsim/symsim_sce_run_10686.rds","symsim",0.25,"pca_raw",200,0.977376550149358,0.99084672608451,0.999111002636057,0.99785068685683
"data/simulated/sce/symsim/symsim_sce_run_10686.rds","symsim",0.25,"pca_libnorm",200,0.972132004535627,0.987926513655033,0.999593178790134,0.998120516109995
"data/simulated/sce/symsim/symsim_sce_run_10686.rds","symsim",0.25,"pca_log",200,0.514972459910289,0.660224213344902,0.981643838635802,0.981378462230466
"data/simulated/sce/symsim/symsim_sce_run_10686.rds","symsim",0.25,"pca_shiftedlog",200,0.428906651364547,0.634606457052567,0.982737223213111,0.957521512864753
"data/simulated/sce/symsim/symsim_sce_run_04861.rds","symsim",0.25,"pca_raw",200,0.909472051589467,0.953247804638879,0.996694740228596,0.995871610248303
"data/simulated/sce/symsim/symsim_sce_run_04861.rds","symsim",0.25,"pca_libnorm",200,0.849740747227653,0.907843564612263,0.992933531874278,0.991053307085191
"data/simulated/sce/symsim/symsim_sce_run_04861.rds","symsim",0.25,"pca_log",200,0.73374782467408,0.845855153224163,0.998539884984432,0.999928902084254
"data/simulated/sce/symsim/symsim_sce_run_04861.rds","symsim",0.25,"pca_shiftedlog",200,0.776155903772674,0.853342187361916,0.984606037698262,0.994000714518754
"data/simulated/sce/scdesign3/scdesign3_sce_run_03868.rds","scdesign3",0.5,"pca_raw",200,0.880785583149734,0.929478430894076,0.990749461677512,0.990884752372169
"data/simulated/sce/scdesign3/scdesign3_sce_run_03868.rds","scdesign3",0.5,"pca_libnorm",200,0.776162990808872,0.835498766821871,0.983743083450896,0.981967604236919
"data/simulated/sce/scdesign3/scdesign3_sce_run_03868.rds","scdesign3",0.5,"pca_log",200,0.696673071737779,0.811468135057394,0.98890734442391,0.987301428183282
"data/simulated/sce/scdesign3/scdesign3_sce_run_03868.rds","scdesign3",0.5,"pca_shiftedlog",200,0.726711446747089,0.813147854286189,1.00827813148617,1.00027745358881
"data/simulated/sce/scdesign3/scdesign3_sce_run_08486.rds","scdesign3",0.5,"pca_raw",200,0.852622511079096,0.90969586909978,0.989063232151165,0.988366116885887
"data/simulated/sce/scdesign3/scdesign3_sce_run_08486.rds","scdesign3",0.5,"pca_libnorm",200,0.717659528960252,0.841885457748926,0.972702718301562,0.978188191664267
"data/simulated/sce/scdesign3/scdesign3_sce_run_08486.rds","scdesign3",0.5,"pca_log",200,0.597294723696004,0.764241652807118,0.967214981674861,0.99563966608006
"data/simulated/sce/scdesign3/scdesign3_sce_run_08486.rds","scdesign3",0.5,"pca_shiftedlog",200,0.609272621231234,0.769604328838082,0.993722934229867,1.00295530623373
"data/simulated/sce/scdesign3/scdesign3_sce_run_07092.rds","scdesign3",0.5,"pca_raw",200,0.990461270676295,0.991469177186516,1.00087402422732,0.996875979442192
"data/simulated/sce/scdesign3/scdesign3_sce_run_07092.rds","scdesign3",0.5,"pca_libnorm",200,0.807107167504434,0.841919417420858,0.983832293920234,0.983516886760901
"data/simulated/sce/scdesign3/scdesign3_sce_run_07092.rds","scdesign3",0.5,"pca_log",200,0.684433219434563,0.761618777885048,0.979328736887733,0.982691231323819
"data/simulated/sce/scdesign3/scdesign3_sce_run_07092.rds","scdesign3",0.5,"pca_shiftedlog",200,0.692752954876245,0.806468320153285,0.984333980901795,0.991483369696705
"data/simulated/sce/scdesign3/scdesign3_sce_run_03027.rds","scdesign3",0.5,"pca_raw",200,0.887166944211382,0.903798774405593,0.959509586805803,0.975682067839415
"data/simulated/sce/scdesign3/scdesign3_sce_run_03027.rds","scdesign3",0.5,"pca_libnorm",200,0.664642496136478,0.804930670905649,0.994119295240042,0.988800127300139
"data/simulated/sce/scdesign3/scdesign3_sce_run_03027.rds","scdesign3",0.5,"pca_log",200,0.65502047536249,0.830501944215452,0.997634905821343,1.00772124045937
"data/simulated/sce/scdesign3/scdesign3_sce_run_03027.rds","scdesign3",0.5,"pca_shiftedlog",200,0.694916713169552,0.793738025545607,0.996742482109339,0.99622203760434
"data/simulated/sce/scdesign3/scdesign3_sce_run_03614.rds","scdesign3",0.5,"pca_raw",200,0.894554208576651,0.936564030755321,0.995924110109029,0.993359428409179
"data/simulated/sce/scdesign3/scdesign3_sce_run_03614.rds","scdesign3",0.5,"pca_libnorm",200,0.808192015589768,0.867792665077285,0.989256394075328,0.992318636193912
"data/simulated/sce/scdesign3/scdesign3_sce_run_03614.rds","scdesign3",0.5,"pca_log",200,0.710670105355583,0.826038307023952,0.993368116422259,0.998706812997043
"data/simulated/sce/scdesign3/scdesign3_sce_run_03614.rds","scdesign3",0.5,"pca_shiftedlog",200,0.770882524839398,0.839303701727063,0.99057070925346,0.992016036809442
"data/simulated/sce/symsim/symsim_sce_run_04808.rds","symsim",0.5,"pca_raw",200,0.933045454806961,0.977351472072393,0.997339962503383,0.995217378590349
"data/simulated/sce/symsim/symsim_sce_run_04808.rds","symsim",0.5,"pca_libnorm",200,0.927139982292153,0.955175051193037,0.996533854340873,0.995352909855258
"data/simulated/sce/symsim/symsim_sce_run_04808.rds","symsim",0.5,"pca_log",200,0.439593781510996,0.571847830089828,0.944399493460302,0.95983039307372
"data/simulated/sce/symsim/symsim_sce_run_04808.rds","symsim",0.5,"pca_shiftedlog",200,0.556848917863065,0.700465880672522,0.980755515253777,0.98464672186358
"data/simulated/sce/symsim/symsim_sce_run_01831.rds","symsim",0.5,"pca_raw",200,0.850123691267646,0.925457504909658,0.986160355909913,0.983706762327752
"data/simulated/sce/symsim/symsim_sce_run_01831.rds","symsim",0.5,"pca_libnorm",200,0.825558027057576,0.895665483071102,0.992618419571723,0.984839350366497
"data/simulated/sce/symsim/symsim_sce_run_01831.rds","symsim",0.5,"pca_log",200,0.401746711012221,0.579160633782032,0.952060191807072,0.989483814685457
"data/simulated/sce/symsim/symsim_sce_run_01831.rds","symsim",0.5,"pca_shiftedlog",200,0.416754223434453,0.562314356755754,0.965281548126488,0.964588741965005
"data/simulated/sce/symsim/symsim_sce_run_04787.rds","symsim",0.5,"pca_raw",200,0.912665867635539,0.955337537736542,0.998227471583045,0.993464023488812
"data/simulated/sce/symsim/symsim_sce_run_04787.rds","symsim",0.5,"pca_libnorm",200,0.895217315713657,0.930457188446905,0.997464829415046,0.990626508516486
"data/simulated/sce/symsim/symsim_sce_run_04787.rds","symsim",0.5,"pca_log",200,0.381468978121116,0.55438670241905,0.934970354856747,0.9587337228287
"data/simulated/sce/symsim/symsim_sce_run_04787.rds","symsim",0.5,"pca_shiftedlog",200,0.482911856666165,0.673921991138341,0.970546553275172,0.974590979881269
"data/simulated/sce/symsim/symsim_sce_run_07472.rds","symsim",0.5,"pca_raw",200,0.92210574798034,0.951359173702103,0.997777719694369,0.994224158231907
"data/simulated/sce/symsim/symsim_sce_run_07472.rds","symsim",0.5,"pca_libnorm",200,0.85706712640538,0.933555794689822,0.994309350653655,0.990749272745368
"data/simulated/sce/symsim/symsim_sce_run_07472.rds","symsim",0.5,"pca_log",200,0.731765669201788,0.7889517415325,0.984001257771376,0.992261016883283
"data/simulated/sce/symsim/symsim_sce_run_07472.rds","symsim",0.5,"pca_shiftedlog",200,0.686501075353405,0.821466292199585,1.00450843998674,1.00529189763309
"data/simulated/sce/symsim/symsim_sce_run_01129.rds","symsim",0.5,"pca_raw",200,0.949215417703694,0.97200178035226,0.998767199237558,0.996273316794591
"data/simulated/sce/symsim/symsim_sce_run_01129.rds","symsim",0.5,"pca_libnorm",200,0.889704683338751,0.944661882266167,0.995018337031072,0.991853661842338
"data/simulated/sce/symsim/symsim_sce_run_01129.rds","symsim",0.5,"pca_log",200,0.568709008644612,0.708617247719511,0.969249475200585,0.982713838597721
"data/simulated/sce/symsim/symsim_sce_run_01129.rds","symsim",0.5,"pca_shiftedlog",200,0.64844242800622,0.770506884497773,0.997647711266051,0.997130906686733
